DATE,CLOSE
1/2/13,14.68
1/3/13,14.56
1/4/13,13.83
1/7/13,13.79
1/8/13,13.62
1/9/13,13.81
1/10/13,13.49
1/11/13,13.36
1/14/13,13.52
1/15/13,13.55
1/16/13,13.42
1/17/13,13.57
1/18/13,12.46
1/22/13,12.43
1/23/13,12.46
1/24/13,12.69
1/25/13,12.89
1/28/13,13.57
1/29/13,13.31
1/30/13,14.32
1/31/13,14.28
2/1/13,12.9
2/4/13,14.67
2/5/13,13.72
2/6/13,13.41
2/7/13,13.5
2/8/13,13.02
2/11/13,12.94
2/12/13,12.64
2/13/13,12.98
2/14/13,12.66
2/15/13,12.46
2/19/13,12.31
2/20/13,14.68
2/21/13,15.22
2/22/13,14.17
2/25/13,18.99
2/26/13,16.87
2/27/13,14.73
2/28/13,15.51
3/1/13,15.36
3/4/13,14.01
3/5/13,13.48
3/6/13,13.53
3/7/13,13.06
3/8/13,12.59
3/11/13,11.56
3/12/13,12.27
3/13/13,11.83
3/14/13,11.3
3/15/13,11.3
3/18/13,13.36
3/19/13,14.39
3/20/13,12.67
3/21/13,13.99
3/22/13,13.57
3/25/13,13.74
3/26/13,12.77
3/27/13,13.15
3/28/13,12.7
4/1/13,13.58
4/2/13,12.78
4/3/13,14.21
4/4/13,13.89
4/5/13,13.92
4/8/13,13.19
4/9/13,12.84
4/10/13,12.36
4/11/13,12.24
4/12/13,12.06
4/15/13,17.27
4/16/13,13.96
4/17/13,16.51
4/18/13,17.56
4/19/13,14.97
4/22/13,14.39
4/23/13,13.48
4/24/13,13.61
4/25/13,13.62
4/26/13,13.61
4/29/13,13.71
4/30/13,13.52
5/1/13,14.49
5/2/13,13.59
5/3/13,12.85
5/6/13,12.66
5/7/13,12.83
5/8/13,12.66
5/9/13,13.13
5/10/13,12.59
5/13/13,12.55
5/14/13,12.77
5/15/13,12.81
5/16/13,13.07
5/17/13,12.45
5/20/13,13.02
5/21/13,13.37
5/22/13,13.82
5/23/13,14.07
5/24/13,13.99
5/28/13,14.48
5/29/13,14.83
5/30/13,14.53
5/31/13,16.3
6/3/13,16.28
6/4/13,16.27
6/5/13,17.5
6/6/13,16.63
6/7/13,15.14
6/10/13,15.44
6/11/13,17.07
6/12/13,18.59
6/13/13,16.41
6/14/13,17.15
6/17/13,16.8
6/18/13,16.61
6/19/13,16.64
6/20/13,20.49
6/21/13,18.9
6/24/13,20.11
6/25/13,18.47
6/26/13,17.21
6/27/13,16.86
6/28/13,16.86
7/1/13,16.37
7/2/13,16.44
7/3/13,16.2
7/5/13,14.89
7/8/13,14.78
7/9/13,14.35
7/10/13,14.21
7/11/13,14.01
7/12/13,13.84
7/15/13,13.79
7/16/13,14.42
7/17/13,13.78
7/18/13,13.77
7/19/13,12.54
7/22/13,12.29
7/23/13,12.66
7/24/13,13.18
7/25/13,12.97
7/26/13,12.72
7/29/13,13.39
7/30/13,13.39
7/31/13,13.45
8/1/13,12.94
8/2/13,11.98
8/5/13,11.84
8/6/13,12.72
8/7/13,12.98
8/8/13,12.73
8/9/13,13.41
8/12/13,12.81
8/13/13,12.31
8/14/13,13.04
8/15/13,14.73
8/16/13,14.37
8/19/13,15.1
8/20/13,14.91
8/21/13,15.94
8/22/13,14.76
8/23/13,13.98
8/26/13,14.99
8/27/13,16.77
8/28/13,16.49
8/29/13,16.81
8/30/13,17.01
9/3/13,16.61
9/4/13,15.88
9/5/13,15.77
9/6/13,15.85
9/9/13,15.63
9/10/13,14.53
9/11/13,13.82
9/12/13,14.29
9/13/13,14.16
9/16/13,14.38
9/17/13,14.53
9/18/13,13.59
9/19/13,13.16
9/20/13,13.12
9/23/13,14.31
9/24/13,14.08
9/25/13,14.01
9/26/13,14.06
9/27/13,15.46
9/30/13,16.6
10/1/13,15.54
10/2/13,16.6
10/3/13,17.67
10/4/13,16.74
10/7/13,19.41
10/8/13,20.34
10/9/13,19.6
10/10/13,16.48
10/11/13,15.72
10/14/13,16.07
10/15/13,18.66
10/16/13,14.71
10/17/13,13.48
10/18/13,13.04
10/21/13,13.16
10/22/13,13.33
10/23/13,13.42
10/24/13,13.2
10/25/13,13.09
10/28/13,13.31
10/29/13,13.41
10/30/13,13.65
10/31/13,13.75
11/1/13,13.28
11/4/13,12.93
11/5/13,13.27
11/6/13,12.67
11/7/13,13.91
11/8/13,12.9
11/11/13,12.53
11/12/13,12.82
11/13/13,12.52
11/14/13,12.37
11/15/13,12.19
11/18/13,13.1
11/19/13,13.39
11/20/13,13.4
11/21/13,12.66
11/22/13,12.26
11/25/13,12.79
11/26/13,12.81
11/27/13,12.98
11/29/13,13.7
12/2/13,14.23
12/3/13,14.55
12/4/13,14.7
12/5/13,15.08
12/6/13,13.79
12/9/13,13.49
12/10/13,13.91
12/11/13,15.42
12/12/13,15.54
12/13/13,15.76
12/16/13,16.03
12/17/13,16.21
12/18/13,13.8
12/19/13,14.15
12/20/13,13.79
12/23/13,13.04
12/24/13,12.48
12/26/13,12.33
12/27/13,12.46
12/30/13,13.56
12/31/13,13.72
1/2/14,14.23
1/3/14,13.76
1/6/14,13.55
1/7/14,12.92
1/8/14,12.87
1/9/14,12.89
1/10/14,12.14
1/13/14,13.28
1/14/14,12.28
1/15/14,12.28
1/16/14,12.53
1/17/14,12.44
1/21/14,12.87
1/22/14,12.84
1/23/14,13.77
1/24/14,18.14
1/27/14,17.42
1/28/14,15.8
1/29/14,17.35
1/30/14,17.29
1/31/14,18.41
2/3/14,21.44
2/4/14,19.11
2/5/14,19.95
2/6/14,17.23
2/7/14,15.29
2/10/14,15.26
2/11/14,14.51
2/12/14,14.3
2/13/14,14.14
2/14/14,13.57
2/18/14,13.87
2/19/14,15.5
2/20/14,14.79
2/21/14,14.68
2/24/14,14.23
2/25/14,13.67
2/26/14,14.35
2/27/14,14.04
2/28/14,14
3/3/14,16
3/4/14,14.1
3/5/14,13.89
3/6/14,14.21
3/7/14,14.11
3/10/14,14.2
3/11/14,14.8
3/12/14,14.47
3/13/14,16.22
3/14/14,17.82
3/17/14,15.64
3/18/14,14.52
3/19/14,15.12
3/20/14,14.52
3/21/14,15
3/24/14,15.09
3/25/14,14.02
3/26/14,14.93
3/27/14,14.62
3/28/14,14.41
3/31/14,13.88
4/1/14,13.1
4/2/14,13.09
4/3/14,13.37
4/4/14,13.96
4/7/14,15.57
4/8/14,14.89
4/9/14,13.82
4/10/14,15.89
4/11/14,17.03
4/14/14,16.11
4/15/14,15.61
4/16/14,14.18
4/17/14,13.36
4/21/14,13.25
4/22/14,13.19
4/23/14,13.27
4/24/14,13.32
4/25/14,14.06
4/28/14,13.97
4/29/14,13.71
4/30/14,13.41
5/1/14,13.25
5/2/14,12.91
5/5/14,13.29
5/6/14,13.8
5/7/14,13.4
5/8/14,13.43
5/9/14,12.92
5/12/14,12.23
5/13/14,12.13
5/14/14,12.17
5/15/14,13.17
5/16/14,12.44
5/19/14,12.42
5/20/14,12.96
5/21/14,11.91
5/22/14,12.03
5/23/14,11.36
5/27/14,11.51
5/28/14,11.68
5/29/14,11.57
5/30/14,11.4
6/2/14,11.58
6/3/14,11.87
6/4/14,12.08
6/5/14,11.68
6/6/14,10.73
6/9/14,11.15
6/10/14,10.99
6/11/14,11.6
6/12/14,12.56
6/13/14,12.18
6/16/14,12.65
6/17/14,12.06
6/18/14,10.61
6/19/14,10.62
6/20/14,10.85
6/23/14,10.98
6/24/14,12.13
6/25/14,11.59
6/26/14,11.63
6/27/14,11.26
6/30/14,11.57
7/1/14,11.15
7/2/14,10.82
7/3/14,10.32
7/7/14,11.33
7/8/14,11.98
7/9/14,11.65
7/10/14,12.59
7/11/14,12.08
7/14/14,11.82
7/15/14,11.96
7/16/14,11
7/17/14,14.54
7/18/14,12.06
7/21/14,12.81
7/22/14,12.24
7/23/14,11.52
7/24/14,11.84
7/25/14,12.69
7/28/14,12.56
7/29/14,13.28
7/30/14,13.33
7/31/14,16.95
8/1/14,17.03
8/4/14,15.12
8/5/14,16.87
8/6/14,16.37
8/7/14,16.66
8/8/14,15.77
8/11/14,14.23
8/12/14,14.13
8/13/14,12.9
8/14/14,12.42
8/15/14,13.15
8/18/14,12.32
8/19/14,12.21
8/20/14,11.78
8/21/14,11.76
8/22/14,11.47
8/25/14,11.7
8/26/14,11.63
8/27/14,11.78
8/28/14,12.05
8/29/14,11.98
9/2/14,12.25
9/3/14,12.36
9/4/14,12.64
9/5/14,12.09
9/8/14,12.66
9/9/14,13.5
9/10/14,12.88
9/11/14,12.8
9/12/14,13.31
9/15/14,14.12
9/16/14,12.73
9/17/14,12.65
9/18/14,12.03
9/19/14,12.11
9/22/14,13.69
9/23/14,14.93
9/24/14,13.27
9/25/14,15.64
9/26/14,14.85
9/29/14,15.98
9/30/14,16.31
10/1/14,16.71
10/2/14,16.16
10/3/14,14.55
10/6/14,15.46
10/7/14,17.2
10/8/14,15.11
10/9/14,18.76
10/10/14,21.24
10/13/14,24.64
10/14/14,22.79
10/15/14,26.25
10/16/14,25.2
10/17/14,21.99
10/20/14,18.57
10/21/14,16.08
10/22/14,17.87
10/23/14,16.53
10/24/14,16.11
10/27/14,16.04
10/28/14,14.39
10/29/14,15.15
10/30/14,14.52
10/31/14,14.03
11/3/14,14.73
11/4/14,14.89
11/5/14,14.17
11/6/14,13.67
11/7/14,13.12
11/10/14,12.67
11/11/14,12.92
11/12/14,13.02
11/13/14,13.79
11/14/14,13.31
11/17/14,13.99
11/18/14,13.86
11/19/14,13.96
11/20/14,13.58
11/21/14,12.9
11/24/14,12.62
11/25/14,12.25
11/26/14,12.07
11/28/14,13.33
12/1/14,14.29
12/2/14,12.85
12/3/14,12.47
12/4/14,12.38
12/5/14,11.82
12/8/14,14.21
12/9/14,14.89
12/10/14,18.53
12/11/14,20.08
12/12/14,21.08
12/15/14,20.42
12/16/14,23.57
12/17/14,19.44
12/18/14,16.81
12/19/14,16.49
12/22/14,15.25
12/23/14,14.8
12/24/14,14.37
12/26/14,14.5
12/29/14,15.06
12/30/14,15.92
12/31/14,19.2
1/2/15,17.79
1/5/15,19.92
1/6/15,21.12
1/7/15,19.31
1/8/15,17.01
1/9/15,17.55
1/12/15,19.6
1/13/15,20.56
1/14/15,21.48
1/15/15,22.39
1/16/15,20.95
1/20/15,19.89
1/21/15,18.85
1/22/15,16.4
1/23/15,16.66
1/26/15,15.52
1/27/15,17.22
1/28/15,20.44
1/29/15,18.76
1/30/15,20.97
2/2/15,19.43
2/3/15,17.33
2/4/15,18.33
2/5/15,16.85
2/6/15,17.29
2/9/15,18.55
2/10/15,17.23
2/11/15,16.96
2/12/15,15.34
2/13/15,14.69
2/17/15,15.8
2/18/15,15.45
2/19/15,15.29
2/20/15,14.3
2/23/15,14.56
2/24/15,13.69
2/25/15,13.84
2/26/15,13.91
2/27/15,13.34
3/2/15,13.04
3/3/15,13.86
3/4/15,14.23
3/5/15,14.04
3/6/15,15.2
3/9/15,15.06
3/10/15,16.69
3/11/15,16.87
3/12/15,15.42
3/13/15,16
3/16/15,15.61
3/17/15,15.66
3/18/15,13.97
3/19/15,14.07
3/20/15,13.02
3/23/15,13.41
3/24/15,13.62
3/25/15,15.44
3/26/15,15.8
3/27/15,15.07
3/30/15,14.51
3/31/15,15.29
4/1/15,15.11
4/2/15,14.67
4/6/15,14.74
4/7/15,14.78
4/8/15,13.98
4/9/15,13.09
4/10/15,12.58
4/13/15,13.94
4/14/15,13.67
4/15/15,12.84
4/16/15,12.6
4/17/15,13.89
4/20/15,13.3
4/21/15,13.25
4/22/15,12.71
4/23/15,12.48
4/24/15,12.29
4/27/15,13.12
4/28/15,12.41
4/29/15,13.39
4/30/15,14.55
5/1/15,12.7
5/4/15,12.85
5/5/15,14.31
5/6/15,15.15
5/7/15,15.13
5/8/15,12.86
5/11/15,13.85
5/12/15,13.86
5/13/15,13.76
5/14/15,12.74
5/15/15,12.38
5/18/15,12.73
5/19/15,12.85
5/20/15,12.88
5/21/15,12.11
5/22/15,12.13
5/26/15,14.06
5/27/15,13.27
5/28/15,13.31
5/29/15,13.84
6/1/15,13.97
6/2/15,14.24
6/3/15,13.66
6/4/15,14.71
6/5/15,14.21
6/8/15,15.29
6/9/15,14.47
6/10/15,13.22
6/11/15,12.85
6/12/15,13.78
6/15/15,15.39
6/16/15,14.81
6/17/15,14.5
6/18/15,13.19
6/19/15,13.96
6/22/15,12.74
6/23/15,12.11
6/24/15,13.26
6/25/15,14.01
6/26/15,14.02
6/29/15,18.85
6/30/15,18.23
7/1/15,16.09
7/2/15,16.79
7/6/15,17.01
7/7/15,16.09
7/8/15,19.66
7/9/15,19.97
7/10/15,16.83
7/13/15,13.9
7/14/15,13.37
7/15/15,13.23
7/16/15,12.11
7/17/15,11.95
7/20/15,12.25
7/21/15,12.22
7/22/15,12.12
7/23/15,12.63
7/24/15,13.74
7/27/15,15.6
7/28/15,13.44
7/29/15,12.5
7/30/15,12.13
7/31/15,12.12
8/3/15,12.56
8/4/15,13
8/5/15,12.51
8/6/15,13.77
8/7/15,13.39
8/10/15,12.23
8/11/15,13.71
8/12/15,13.61
8/13/15,13.49
8/14/15,12.83
8/17/15,13.02
8/18/15,13.79
8/19/15,15.25
8/20/15,19.14
8/21/15,28.03
8/24/15,40.74
8/25/15,36.02
8/26/15,30.32
8/27/15,26.1
8/28/15,26.05
8/31/15,28.43
9/1/15,31.4
9/2/15,26.09
9/3/15,25.61
9/4/15,27.8
9/8/15,24.9
9/9/15,26.23
9/10/15,24.37
9/11/15,23.2
9/14/15,24.25
9/15/15,22.54
9/16/15,21.35
9/17/15,21.14
9/18/15,22.28
9/21/15,20.14
9/22/15,22.44
9/23/15,22.13
9/24/15,23.47
9/25/15,23.62
9/28/15,27.63
9/29/15,26.83
9/30/15,24.5
10/1/15,22.55
10/2/15,20.94
10/5/15,19.54
10/6/15,19.4
10/7/15,18.4
10/8/15,17.42
10/9/15,17.08
10/12/15,16.17
10/13/15,17.67
10/14/15,18.03
10/15/15,16.05
10/16/15,15.05
10/19/15,14.98
10/20/15,15.75
10/21/15,16.7
10/22/15,14.45
10/23/15,14.46
10/26/15,15.29
10/27/15,15.43
10/28/15,14.33
10/29/15,14.61
10/30/15,15.07
11/2/15,14.15
11/3/15,14.54
11/4/15,15.51
11/5/15,15.05
11/6/15,14.33
11/9/15,16.52
11/10/15,15.29
11/11/15,16.06
11/12/15,18.37
11/13/15,20.08
11/16/15,18.16
11/17/15,18.84
11/18/15,16.85
11/19/15,16.99
11/20/15,15.47
11/23/15,15.62
11/24/15,15.93
11/25/15,15.19
11/27/15,15.12
11/30/15,16.13
12/1/15,14.67
12/2/15,15.91
12/3/15,18.11
12/4/15,14.81
12/7/15,15.84
12/8/15,17.6
12/9/15,19.61
12/10/15,19.34
12/11/15,24.39
12/14/15,22.73
12/15/15,20.95
12/16/15,17.86
12/17/15,18.94
12/18/15,20.7
12/21/15,18.7
12/22/15,16.6
12/23/15,15.57
12/24/15,15.74
12/28/15,16.91
12/29/15,16.08
12/30/15,17.29
12/31/15,18.21
1/4/16,20.7
1/5/16,19.34
1/6/16,20.59
1/7/16,24.99
1/8/16,27.01
1/11/16,24.3
1/12/16,22.47
1/13/16,25.22
1/14/16,23.95
1/15/16,27.02
1/19/16,26.05
1/20/16,27.59
1/21/16,26.69
1/22/16,22.34
1/25/16,24.15
1/26/16,22.5
1/27/16,23.11
1/28/16,22.42
1/29/16,20.2
2/1/16,19.98
2/2/16,21.98
2/3/16,21.65
2/4/16,21.84
2/5/16,23.38
2/8/16,26
2/9/16,26.54
2/10/16,26.29
2/11/16,28.14
2/12/16,25.4
2/16/16,24.11
2/17/16,22.31
2/18/16,21.64
2/19/16,20.53
2/22/16,19.38
2/23/16,20.98
2/24/16,20.72
2/25/16,19.11
2/26/16,19.81
2/29/16,20.55
3/1/16,17.7
3/2/16,17.09
3/3/16,16.7
3/4/16,16.86
3/7/16,17.35
3/8/16,18.67
3/9/16,18.34
3/10/16,18.05
3/11/16,16.5
3/14/16,16.92
3/15/16,16.84
3/16/16,14.99
3/17/16,14.44
3/18/16,14.02
3/21/16,13.79
3/22/16,14.17
3/23/16,14.94
3/24/16,14.74
3/28/16,15.24
3/29/16,13.82
3/30/16,13.56
3/31/16,13.95
4/1/16,13.1
4/4/16,14.12
4/5/16,15.42
4/6/16,14.09
4/7/16,16.16
4/8/16,15.36
4/11/16,16.26
4/12/16,14.85
4/13/16,13.84
4/14/16,13.72
4/15/16,13.62
4/18/16,13.35
4/19/16,13.24
4/20/16,13.28
4/21/16,13.95
4/22/16,13.22
4/25/16,14.08
4/26/16,13.96
4/27/16,13.77
4/28/16,15.22
4/29/16,15.7
5/2/16,14.68
5/3/16,15.6
5/4/16,16.05
5/5/16,15.91
5/6/16,14.72
5/9/16,14.57
5/10/16,13.63
5/11/16,14.69
5/12/16,14.41
5/13/16,15.04
5/16/16,14.68
5/17/16,15.57
5/18/16,15.95
5/19/16,16.33
5/20/16,15.2
5/23/16,15.82
5/24/16,14.42
5/25/16,13.9
5/26/16,13.43
5/27/16,13.12
5/31/16,14.19
6/1/16,14.2
6/2/16,13.63
6/3/16,13.47
6/6/16,13.65
6/7/16,14.05
6/8/16,14.08
6/9/16,14.64
6/10/16,17.03
6/13/16,20.97
6/14/16,20.5
6/15/16,20.14
6/16/16,19.37
6/17/16,19.41
6/20/16,18.37
6/21/16,18.48
6/22/16,21.17
6/23/16,17.25
6/24/16,25.76
6/27/16,23.85
6/28/16,18.75
6/29/16,16.64
6/30/16,15.63
7/1/16,14.77
7/5/16,15.58
7/6/16,14.96
7/7/16,14.76
7/8/16,13.2
7/11/16,13.54
7/12/16,13.55
7/13/16,13.04
7/14/16,12.82
7/15/16,12.67
7/18/16,12.44
7/19/16,11.97
7/20/16,11.77
7/21/16,12.74
7/22/16,12.02
7/25/16,12.87
7/26/16,13.05
7/27/16,12.83
7/28/16,12.72
7/29/16,11.87
8/1/16,12.44
8/2/16,13.37
8/3/16,12.86
8/4/16,12.42
8/5/16,11.39
8/8/16,11.5
8/9/16,11.66
8/10/16,12.05
8/11/16,11.68
8/12/16,11.55
8/15/16,11.81
8/16/16,12.64
8/17/16,12.19
8/18/16,11.43
8/19/16,11.34
8/22/16,12.27
8/23/16,12.38
8/24/16,13.45
8/25/16,13.63
8/26/16,13.65
8/29/16,12.94
8/30/16,13.12
8/31/16,13.42
9/1/16,13.48
9/2/16,11.98
9/6/16,12.02
9/7/16,11.94
9/8/16,12.51
9/9/16,17.5
9/12/16,15.16
9/13/16,17.85
9/14/16,18.14
9/15/16,16.3
9/16/16,15.37
9/19/16,15.53
9/20/16,15.92
9/21/16,13.3
9/22/16,12.02
9/23/16,12.29
9/26/16,14.5
9/27/16,13.1
9/28/16,12.39
9/29/16,14.02
9/30/16,13.29
10/3/16,13.57
10/4/16,13.63
10/5/16,12.99
10/6/16,12.84
10/7/16,13.48
10/10/16,13.38
10/11/16,15.36
10/12/16,15.91
10/13/16,16.69
10/14/16,16.12
10/17/16,16.21
10/18/16,15.28
10/19/16,14.41
10/20/16,13.75
10/21/16,13.34
10/24/16,13.02
10/25/16,13.46
10/26/16,14.24
10/27/16,15.36
10/28/16,16.19
10/31/16,17.06
11/1/16,18.56
11/2/16,19.32
11/3/16,22.08
11/4/16,22.51
11/7/16,18.71
11/8/16,18.74
11/9/16,14.38
11/10/16,14.74
11/11/16,14.17
11/14/16,14.48
11/15/16,13.37
11/16/16,13.72
11/17/16,13.35
11/18/16,12.85
11/21/16,12.42
11/22/16,12.41
11/23/16,12.43
11/25/16,12.34
11/28/16,13.15
11/29/16,12.9
11/30/16,13.33
12/1/16,14.07
12/2/16,14.12
12/5/16,12.14
12/6/16,11.79
12/7/16,12.22
12/8/16,12.64
12/9/16,11.75
12/12/16,12.64
12/13/16,12.72
12/14/16,13.19
12/15/16,12.79
12/16/16,12.2
12/19/16,11.71
12/20/16,11.45
12/21/16,11.27
12/22/16,11.43
12/23/16,11.44
12/27/16,11.99
12/28/16,12.95
12/29/16,13.37
12/30/16,14.04
1/3/17,12.85
1/4/17,11.85
1/5/17,11.67
1/6/17,11.32
1/9/17,11.56
1/10/17,11.49
1/11/17,11.26
1/12/17,11.54
1/13/17,11.23
1/17/17,11.87
1/18/17,12.48
1/19/17,12.78
1/20/17,11.54
1/23/17,11.77
1/24/17,11.07
1/25/17,10.81
1/26/17,10.63
1/27/17,10.58
1/30/17,11.88
1/31/17,11.99
2/1/17,11.81
2/2/17,11.93
2/3/17,10.97
2/6/17,11.37
2/7/17,11.29
2/8/17,11.45
2/9/17,10.88
2/10/17,10.85
2/13/17,11.07
2/14/17,10.74
2/15/17,11.97
2/16/17,11.76
2/17/17,11.49
2/21/17,11.57
2/22/17,11.74
2/23/17,11.71
2/24/17,11.47
2/27/17,12.09
2/28/17,12.92
3/1/17,12.54
3/2/17,11.81
3/3/17,10.96
3/6/17,11.24
3/7/17,11.45
3/8/17,11.86
3/9/17,12.3
3/10/17,11.66
3/13/17,11.35
3/14/17,12.3
3/15/17,11.63
3/16/17,11.21
3/17/17,11.28
3/20/17,11.34
3/21/17,12.47
3/22/17,12.81
3/23/17,13.12
3/24/17,12.96
3/27/17,12.5
3/28/17,11.53
3/29/17,11.42
3/30/17,11.54
3/31/17,12.37
4/3/17,12.38
4/4/17,11.79
4/5/17,12.89
4/6/17,12.39
4/7/17,12.87
4/10/17,14.05
4/11/17,15.07
4/12/17,15.77
4/13/17,15.96
4/17/17,14.66
4/18/17,14.42
4/19/17,14.93
4/20/17,14.15
4/21/17,14.63
4/24/17,10.84
4/25/17,10.76
4/26/17,10.85
4/27/17,10.36
4/28/17,10.82
5/1/17,10.11
5/2/17,10.59
5/3/17,10.68
5/4/17,10.46
5/5/17,10.57
5/8/17,9.77
5/9/17,9.96
5/10/17,10.21
5/11/17,10.6
5/12/17,10.4
5/15/17,10.42
5/16/17,10.65
5/17/17,15.59
5/18/17,14.66
5/19/17,12.04
5/22/17,10.93
5/23/17,10.72
5/24/17,10.02
5/25/17,9.99
5/26/17,9.81
5/30/17,10.38
5/31/17,10.41
6/1/17,9.89
6/2/17,9.75
6/5/17,10.07
6/6/17,10.45
6/7/17,10.39
6/8/17,10.16
6/9/17,10.7
6/12/17,11.46
6/13/17,10.42
6/14/17,10.64
6/15/17,10.9
6/16/17,10.38
6/19/17,10.37
6/20/17,10.86
6/21/17,10.75
6/22/17,10.48
6/23/17,10.02
6/26/17,9.9
6/27/17,11.06
6/28/17,10.03
6/29/17,11.44
6/30/17,11.18
7/3/17,11.22
7/5/17,11.07
7/6/17,12.54
7/7/17,11.19
7/10/17,11.11
7/11/17,10.89
7/12/17,10.3
7/13/17,9.9
7/14/17,9.51
7/17/17,9.82
7/18/17,9.89
7/19/17,9.79
7/20/17,9.58
7/21/17,9.36
7/24/17,9.43
7/25/17,9.43
7/26/17,9.6
7/27/17,10.11
7/28/17,10.29
7/31/17,10.26
8/1/17,10.09
8/2/17,10.28
8/3/17,10.44
8/4/17,10.03
8/7/17,9.93
8/8/17,10.96
8/9/17,11.11
8/10/17,16.04
8/11/17,15.51
8/14/17,12.33
8/15/17,12.04
8/16/17,11.74
8/17/17,15.55
8/18/17,14.26
8/21/17,13.19
8/22/17,11.35
8/23/17,12.25
8/24/17,12.23
8/25/17,11.28
8/28/17,11.32
8/29/17,11.7
8/30/17,11.22
8/31/17,10.59
9/1/17,10.13
9/5/17,12.23
9/6/17,11.63
9/7/17,11.55
9/8/17,12.12
9/11/17,10.73
9/12/17,10.58
9/13/17,10.5
9/14/17,10.44
9/15/17,10.17
9/18/17,10.15
9/19/17,10.18
9/20/17,9.78
9/21/17,9.67
9/22/17,9.59
9/25/17,10.21
9/26/17,10.17
9/27/17,9.87
9/28/17,9.55
9/29/17,9.51
10/2/17,9.45
10/3/17,9.51
10/4/17,9.63
10/5/17,9.19
10/6/17,9.65
10/9/17,10.33
10/10/17,10.08
10/11/17,9.85
10/12/17,9.91
10/13/17,9.61
10/16/17,9.91
10/17/17,10.31
10/18/17,10.07
10/19/17,10.05
10/20/17,9.97
10/23/17,11.07
10/24/17,11.16
10/25/17,11.23
10/26/17,11.3
10/27/17,9.8
10/30/17,10.5
10/31/17,10.18
11/1/17,10.2
11/2/17,9.93
11/3/17,9.14
11/6/17,9.4
11/7/17,9.89
11/8/17,9.78
11/9/17,10.5
11/10/17,11.29
11/13/17,11.5
11/14/17,11.59
11/15/17,13.13
11/16/17,11.76
11/17/17,11.43
11/20/17,10.65
11/21/17,9.73
11/22/17,9.88
11/24/17,9.67
11/27/17,9.87
11/28/17,10.03
11/29/17,10.7
11/30/17,11.28
12/1/17,11.43
12/4/17,11.68
12/5/17,11.33
12/6/17,11.02
12/7/17,10.16
12/8/17,9.58
12/11/17,9.34
12/12/17,9.92
12/13/17,10.18
12/14/17,10.49
12/15/17,9.42
12/18/17,9.53
12/19/17,10.03
12/20/17,9.72
12/21/17,9.62
12/22/17,9.9
12/26/17,10.25
12/27/17,10.47
12/28/17,10.18
12/29/17,11.04
1/2/18,9.77
1/3/18,9.15
1/4/18,9.22
1/5/18,9.22
1/8/18,9.52
1/9/18,10.08
1/10/18,9.82
1/11/18,9.88
1/12/18,10.16
1/16/18,11.66
1/17/18,11.91
1/18/18,12.22
1/19/18,11.27
1/22/18,11.03
1/23/18,11.1
1/24/18,11.47
1/25/18,11.58
1/26/18,11.08
1/29/18,13.84
1/30/18,14.79
1/31/18,13.54
2/1/18,13.47
2/2/18,17.31
2/5/18,37.32
2/6/18,29.98
2/7/18,27.73
2/8/18,33.46
2/9/18,29.06
2/12/18,25.61
2/13/18,24.97
2/14/18,19.26
2/15/18,19.13
2/16/18,19.46
2/20/18,20.6
2/21/18,20.02
2/22/18,18.72
2/23/18,16.49
2/26/18,15.8
2/27/18,18.59
2/28/18,19.85
3/1/18,22.47
3/2/18,19.59
3/5/18,18.73
3/6/18,18.36
3/7/18,17.76
3/8/18,16.54
3/9/18,14.64
3/12/18,15.78
3/13/18,16.35
3/14/18,17.23
3/15/18,16.59
3/16/18,15.8
3/19/18,19.02
3/20/18,18.2
3/21/18,17.86
3/22/18,23.34
3/23/18,24.87
3/26/18,21.03
3/27/18,22.5
3/28/18,22.87
3/29/18,19.97
4/2/18,23.62
4/3/18,21.1
4/4/18,20.06
4/5/18,18.94
4/6/18,21.49
4/9/18,21.77
4/10/18,20.47
4/11/18,20.24
4/12/18,18.49
4/13/18,17.41
4/16/18,16.56
4/17/18,15.25
4/18/18,15.6
4/19/18,15.96
4/20/18,16.88
4/23/18,16.34
4/24/18,18.02
4/25/18,17.84
4/26/18,16.24
4/27/18,15.41
4/30/18,15.93
5/1/18,15.49
5/2/18,15.97
5/3/18,15.9
5/4/18,14.77
5/7/18,14.75
5/8/18,14.71
5/9/18,13.42
5/10/18,13.23
5/11/18,12.65
5/14/18,12.93
5/15/18,14.63
5/16/18,13.42
5/17/18,13.43
5/18/18,13.42
5/21/18,13.08
5/22/18,13.22
5/23/18,12.58
5/24/18,12.53
5/25/18,13.22
5/29/18,17.02
5/30/18,14.94
5/31/18,15.43
6/1/18,13.46
6/4/18,12.74
6/5/18,12.4
6/6/18,11.64
6/7/18,12.13
6/8/18,12.18
6/11/18,12.35
6/12/18,12.34
6/13/18,12.94
6/14/18,12.12
6/15/18,11.98
6/18/18,12.31
6/19/18,13.35
6/20/18,12.79
6/21/18,14.64
6/22/18,13.77
6/25/18,17.33
6/26/18,15.92
6/27/18,17.91
6/28/18,16.85
6/29/18,16.09
7/2/18,15.6
7/3/18,16.14
7/5/18,14.97
7/6/18,13.37
7/9/18,12.69
7/10/18,12.64
7/11/18,13.63
7/12/18,12.58
7/13/18,12.18
7/16/18,12.83
7/17/18,12.06
7/18/18,12.1
7/19/18,12.87
7/20/18,12.86
7/23/18,12.62
7/24/18,12.41
7/25/18,12.29
7/26/18,12.14
7/27/18,13.03
7/30/18,14.26
7/31/18,12.83
8/1/18,13.15
8/2/18,12.19
8/3/18,11.64
8/6/18,11.27
8/7/18,10.93
8/8/18,10.85
8/9/18,11.27
8/10/18,13.16
8/13/18,14.78
8/14/18,13.31
8/15/18,14.64
8/16/18,13.45
8/17/18,12.64
8/20/18,12.49
8/21/18,12.86
8/22/18,12.25
8/23/18,12.41
8/24/18,11.99
8/27/18,12.16
8/28/18,12.5
8/29/18,12.25
8/30/18,13.53
8/31/18,12.86
9/4/18,13.16
9/5/18,13.91
9/6/18,14.65
9/7/18,14.88
9/10/18,14.16
9/11/18,13.22
9/12/18,13.14
9/13/18,12.37
9/14/18,12.07
9/17/18,13.68
9/18/18,12.79
9/19/18,11.75
9/20/18,11.8
9/21/18,11.68
9/24/18,12.2
9/25/18,12.42
9/26/18,12.89
9/27/18,12.41
9/28/18,12.12
10/1/18,12
10/2/18,12.05
10/3/18,11.61
10/4/18,14.22
10/5/18,14.82
10/8/18,15.69
10/9/18,15.95
10/10/18,22.96
10/11/18,24.98
10/12/18,21.31
10/15/18,21.3
10/16/18,17.62
10/17/18,17.4
10/18/18,20.06
10/19/18,19.89
10/22/18,19.64
10/23/18,20.71
10/24/18,25.23
10/25/18,24.22
10/26/18,24.16
10/29/18,24.7
10/30/18,23.35
10/31/18,21.23
11/1/18,19.34
11/2/18,19.51
11/5/18,19.96
11/6/18,19.91
11/7/18,16.36
11/8/18,16.72
11/9/18,17.36
11/12/18,20.45
11/13/18,20.02
11/14/18,21.25
11/15/18,19.98
11/16/18,18.14
11/19/18,20.1
11/20/18,22.48
11/21/18,20.8
11/23/18,21.52
11/26/18,18.9
11/27/18,19.02
11/28/18,18.49
11/29/18,18.79
11/30/18,18.07
12/3/18,16.44
12/4/18,20.74
12/6/18,21.19
12/7/18,23.23
12/10/18,22.64
12/11/18,21.76
12/12/18,21.46
12/13/18,20.65
12/14/18,21.63
12/17/18,24.52
12/18/18,25.58
12/19/18,25.58
12/20/18,28.38
12/21/18,30.11
12/24/18,36.07
12/26/18,30.41
12/27/18,29.96
12/28/18,28.34
12/31/18,25.42
1/2/19,23.22
1/3/19,25.45
1/4/19,21.38
1/7/19,21.4
1/8/19,20.47
1/9/19,19.98
1/10/19,19.5
1/11/19,18.19
1/14/19,19.07
1/15/19,18.6
1/16/19,19.04
1/17/19,18.06
1/18/19,17.8
1/22/19,20.8
1/23/19,19.52
1/24/19,18.89
1/25/19,17.42
1/28/19,18.87
1/29/19,19.13
1/30/19,17.66
1/31/19,16.57
2/1/19,16.14
2/4/19,15.73
2/5/19,15.57
2/6/19,15.38
2/7/19,16.37
2/8/19,15.72
2/11/19,15.97
2/12/19,15.43
2/13/19,15.65
2/14/19,16.22
2/15/19,14.91
2/19/19,14.88
2/20/19,14.02
2/21/19,14.46
2/22/19,13.51
2/25/19,14.85
2/26/19,15.17
2/27/19,14.7
2/28/19,14.7
3/1/19,13.57
3/4/19,14.63
3/5/19,14.74
3/6/19,15.74
3/7/19,16.59
3/8/19,16.05
3/11/19,14.33
3/12/19,13.77
3/13/19,13.41
3/14/19,13.5
3/15/19,12.88
3/18/19,13.1
3/19/19,13.56
3/20/19,13.91
3/21/19,13.63
3/22/19,16.48
3/25/19,16.33
3/26/19,14.68
3/27/19,15.15
3/28/19,14.43
3/29/19,13.71
4/1/19,13.4
4/2/19,13.36
4/3/19,13.74
4/4/19,13.58
4/5/19,12.82
4/8/19,13.18
4/9/19,14.28
4/10/19,13.3
4/11/19,13.02
4/12/19,12.01
4/15/19,12.32
4/16/19,12.18
4/17/19,12.6
4/18/19,12.09
4/22/19,12.42
4/23/19,12.28
4/24/19,13.14
4/25/19,13.25
4/26/19,12.73
4/29/19,13.11
4/30/19,13.12
5/1/19,14.8
5/2/19,14.42
5/3/19,12.87
5/6/19,15.44
5/7/19,19.32
5/8/19,19.4
5/9/19,19.1
5/10/19,16.04
5/13/19,20.55
5/14/19,18.06
5/15/19,16.44
5/16/19,15.29
5/17/19,15.96
5/20/19,16.31
5/21/19,14.95
5/22/19,14.75
5/23/19,16.92
5/24/19,15.85
5/28/19,17.5
5/29/19,17.9
5/30/19,17.3
5/31/19,18.71
6/3/19,18.86
6/4/19,16.97
6/5/19,16.09
6/6/19,15.93
6/7/19,16.3
6/10/19,15.94
6/11/19,15.99
6/12/19,15.91
6/13/19,15.82
6/14/19,15.28
6/17/19,15.35
6/18/19,15.15
6/19/19,14.33
6/20/19,14.75
6/21/19,15.4
6/24/19,15.26
6/25/19,16.28
6/26/19,16.21
6/27/19,15.82
6/28/19,15.08
7/1/19,14.06
7/2/19,12.93
7/3/19,12.57
7/5/19,13.28
7/8/19,13.96
7/9/19,14.09
7/10/19,13.03
7/11/19,12.93
7/12/19,12.39
7/15/19,12.68
7/16/19,12.86
7/17/19,13.97
7/18/19,13.53
7/19/19,14.45
7/22/19,13.53
7/23/19,12.61
7/24/19,12.07
7/25/19,12.74
7/26/19,12.16
7/29/19,12.83
7/30/19,13.94
7/31/19,16.12
8/1/19,17.87
8/2/19,17.61
8/5/19,24.59
8/6/19,20.17
8/7/19,19.49
8/8/19,16.91
8/9/19,17.97
8/12/19,21.09
8/13/19,17.52
8/14/19,22.1
8/15/19,21.18
8/16/19,18.47
8/19/19,16.88
8/20/19,17.5
8/21/19,15.8
8/22/19,16.68
8/23/19,19.87
8/26/19,19.32
8/27/19,20.31
8/28/19,19.35
8/29/19,17.88
8/30/19,18.98
9/3/19,19.66
9/4/19,17.33
9/5/19,16.27
9/6/19,15
9/9/19,15.27
9/10/19,15.2
9/11/19,14.61
9/12/19,14.22
9/13/19,13.74
9/16/19,14.67
9/17/19,14.44
9/18/19,13.95
9/19/19,14.05
9/20/19,15.32
9/23/19,14.91
9/24/19,17.05
9/25/19,15.96
9/26/19,16.07
9/27/19,17.22
9/30/19,16.24
10/1/19,18.56
10/2/19,20.56
10/3/19,19.12
10/4/19,17.04
10/7/19,17.86
10/8/19,20.28
10/9/19,18.64
10/10/19,17.57
10/11/19,15.58
10/14/19,14.57
10/15/19,13.54
10/16/19,13.68
10/17/19,13.79
10/18/19,14.25
10/21/19,14
10/22/19,14.46
10/23/19,14.01
10/24/19,13.71
10/25/19,12.65
10/28/19,13.11
10/29/19,13.2
10/30/19,12.33
10/31/19,13.22
11/1/19,12.3
11/4/19,12.83
11/5/19,13.1
11/6/19,12.62
11/7/19,12.73
11/8/19,12.07
11/11/19,12.69
11/12/19,12.68
11/13/19,13
11/14/19,13.05
11/15/19,12.05
11/18/19,12.46
11/19/19,12.86
11/20/19,12.78
11/21/19,13.13
11/22/19,12.34
11/25/19,11.87
11/26/19,11.54
11/27/19,11.75
11/29/19,12.62
12/2/19,14.91
12/3/19,15.96
12/4/19,14.8
12/5/19,14.52
12/6/19,13.62
12/9/19,15.86
12/10/19,15.68
12/11/19,14.99
12/12/19,13.94
12/13/19,12.63
12/16/19,12.14
12/17/19,12.29
12/18/19,12.58
12/19/19,12.5
12/20/19,12.51
12/23/19,12.61
12/24/19,12.67
12/26/19,12.65
12/27/19,13.43
12/30/19,14.82
12/31/19,13.78
1/2/20,12.47
1/3/20,14.02
1/6/20,13.85
1/7/20,13.79
1/8/20,13.45
1/9/20,12.54
1/10/20,12.56
1/13/20,12.32
1/14/20,12.39
1/15/20,12.42
1/16/20,12.32
1/17/20,12.1
1/21/20,12.85
1/22/20,12.91
1/23/20,12.98
1/24/20,14.56
1/27/20,18.23
1/28/20,16.28
1/29/20,16.39
1/30/20,15.49
1/31/20,18.84
2/3/20,17.97
2/4/20,16.05
2/5/20,15.15
2/6/20,14.96
2/7/20,15.47
2/10/20,15.04
2/11/20,15.18
2/12/20,13.74
2/13/20,14.15
2/14/20,13.68
2/18/20,14.83
2/19/20,14.38
2/20/20,15.56
2/21/20,17.08
2/24/20,25.03
2/25/20,27.85
2/26/20,27.56
2/27/20,39.16
2/28/20,40.11
3/2/20,33.42
3/3/20,36.82
3/4/20,31.99
3/5/20,39.62
3/6/20,41.94
3/9/20,54.46
3/10/20,47.3
3/11/20,53.9
3/12/20,75.47
3/13/20,57.83
3/16/20,82.69
3/17/20,75.91
3/18/20,76.45
3/19/20,72
3/20/20,66.04
3/23/20,61.59
3/24/20,61.67
3/25/20,63.95
3/26/20,61
3/27/20,65.54
3/30/20,57.08
3/31/20,53.54
4/1/20,57.06
4/2/20,50.91
4/3/20,46.8
4/6/20,45.24
4/7/20,46.7
4/8/20,43.35
4/9/20,41.67
4/13/20,41.17
4/14/20,37.76
4/15/20,40.84
4/16/20,40.11
4/17/20,38.15
4/20/20,43.83
4/21/20,45.41
4/22/20,41.98
4/23/20,41.38
4/24/20,35.93
4/27/20,33.29
4/28/20,33.57
4/29/20,31.23
4/30/20,34.15
5/1/20,37.19
5/4/20,35.97
5/5/20,33.61
5/6/20,34.12
5/7/20,31.44
5/8/20,27.98
5/11/20,27.57
5/12/20,33.04
5/13/20,35.28
5/14/20,32.61
5/15/20,31.89
5/18/20,29.3
5/19/20,30.53
5/20/20,27.99
5/21/20,29.53
5/22/20,28.16
5/26/20,28.01
5/27/20,27.62
5/28/20,28.59
5/29/20,27.51
6/1/20,28.23
6/2/20,26.84
6/3/20,25.66
6/4/20,25.81
6/5/20,24.52
6/8/20,25.81
6/9/20,27.57
6/10/20,27.57
6/11/20,40.79
6/12/20,36.09
6/15/20,34.4
6/16/20,33.67
6/17/20,33.47
6/18/20,32.94
6/19/20,35.12
6/22/20,31.77
6/23/20,31.37
6/24/20,33.84
6/25/20,32.22
6/26/20,34.73
6/29/20,31.78
6/30/20,30.43
7/1/20,28.62
7/2/20,27.68
7/6/20,27.94
7/7/20,29.43
7/8/20,28.08
7/9/20,29.26
7/10/20,27.29
7/13/20,32.19
7/14/20,29.52
7/15/20,27.76
7/16/20,28
7/17/20,25.68
7/20/20,24.46
7/21/20,24.84
7/22/20,24.32
7/23/20,26.08
7/24/20,25.84
7/27/20,24.74
7/28/20,25.44
7/29/20,24.1
7/30/20,24.76
7/31/20,24.46
8/3/20,24.28
8/4/20,23.76
8/5/20,22.99
8/6/20,22.65
8/7/20,22.21
8/10/20,22.13
8/11/20,24.03
8/12/20,22.28
8/13/20,22.13
8/14/20,22.05
8/17/20,21.35
8/18/20,21.51
8/19/20,22.54
8/20/20,22.72
8/21/20,22.54
8/24/20,22.37
8/25/20,22.03
8/26/20,23.27
8/27/20,24.47
8/28/20,22.96
8/31/20,26.41
9/1/20,26.12
9/2/20,26.57
9/3/20,33.6
9/4/20,30.75
9/8/20,31.46
9/9/20,28.81
9/10/20,29.71
9/11/20,26.87
9/14/20,25.85
9/15/20,25.59
9/16/20,26.04
9/17/20,26.46
9/18/20,25.83
9/21/20,27.78
9/22/20,26.86
9/23/20,28.58
9/24/20,28.51
9/25/20,26.38
9/28/20,26.19
9/29/20,26.27
9/30/20,26.37
10/1/20,26.7
10/2/20,27.63
10/5/20,27.96
10/6/20,29.48
10/7/20,28.06
10/8/20,26.36
10/9/20,25
10/12/20,25.07
10/13/20,26.07
10/14/20,26.4
10/15/20,26.97
10/16/20,27.41
10/19/20,29.18
10/20/20,29.35
10/21/20,28.65
10/22/20,28.11
10/23/20,27.55
10/26/20,32.46
10/27/20,33.35
10/28/20,40.28
10/29/20,37.59
10/30/20,38.02
11/2/20,37.13
11/3/20,35.55
11/4/20,29.57
11/5/20,27.58
11/6/20,24.86
11/9/20,25.75
11/10/20,24.8
11/11/20,23.45
11/12/20,25.35
11/13/20,23.1
11/16/20,22.45
11/17/20,22.71
11/18/20,23.84
11/19/20,23.11
11/20/20,23.7
11/23/20,22.66
11/24/20,21.64
11/25/20,21.25
11/27/20,20.84
11/30/20,20.57
12/1/20,20.77
12/2/20,21.17
12/3/20,21.28
12/4/20,20.79
12/7/20,21.3
12/8/20,20.68
12/9/20,22.27
12/10/20,22.52
12/11/20,23.31
12/14/20,24.72
12/15/20,22.89
12/16/20,22.5
12/17/20,21.93
12/18/20,21.57
12/21/20,25.16
12/22/20,24.23
12/23/20,23.31
12/24/20,21.53
12/28/20,21.7
12/29/20,23.08
12/30/20,22.77
12/31/20,22.75
1/4/21,26.97
1/5/21,25.34
1/6/21,25.07
1/7/21,22.37
1/8/21,21.56
1/11/21,24.08
1/12/21,23.33
1/13/21,22.21
1/14/21,23.25
1/15/21,24.34
1/19/21,23.24
1/20/21,21.58
1/21/21,21.32
1/22/21,21.91
1/25/21,23.19
1/26/21,23.02
1/27/21,37.21
1/28/21,30.21
1/29/21,33.09
2/1/21,30.24
2/2/21,25.56
2/3/21,22.91
2/4/21,21.77
2/5/21,20.87
2/8/21,21.24
2/9/21,21.63
2/10/21,21.99
2/11/21,21.25
2/12/21,19.97
2/16/21,21.46
2/17/21,21.5
2/18/21,22.49
2/19/21,22.05
2/22/21,23.45
2/23/21,23.11
2/24/21,21.34
2/25/21,28.89
2/26/21,27.95
3/1/21,23.35
3/2/21,24.1
3/3/21,26.67
3/4/21,28.57
3/5/21,24.66
3/8/21,25.47
3/9/21,24.03
3/10/21,22.56
3/11/21,21.91
3/12/21,20.69
3/15/21,20.03
3/16/21,19.79
3/17/21,19.23
3/18/21,21.58
3/19/21,20.95
3/22/21,18.88
3/23/21,20.3
3/24/21,21.2
3/25/21,19.81
3/26/21,18.86
3/29/21,20.74
3/30/21,19.61
3/31/21,19.4
4/1/21,17.33
4/5/21,17.91
4/6/21,18.12
4/7/21,17.16
4/8/21,16.95
4/9/21,16.69
4/12/21,16.91
4/13/21,16.65
4/14/21,16.99
4/15/21,16.57
4/16/21,16.25
4/19/21,17.29
4/20/21,18.68
4/21/21,17.5
4/22/21,18.71
4/23/21,17.33
4/26/21,17.64
4/27/21,17.56
4/28/21,17.28
4/29/21,17.61
4/30/21,18.61
5/3/21,18.31
5/4/21,19.48
5/5/21,19.15
5/6/21,18.39
5/7/21,16.69
5/10/21,19.66
5/11/21,21.84
5/12/21,27.59
5/13/21,23.13
5/14/21,18.81
5/17/21,19.72
5/18/21,21.34
5/19/21,22.18
5/20/21,20.67
5/21/21,20.15
5/24/21,18.4
5/25/21,18.84
5/26/21,17.36
5/27/21,16.74
5/28/21,16.76
6/1/21,17.9
6/2/21,17.48
6/3/21,18.04
6/4/21,16.42
6/7/21,16.42
6/8/21,17.07
6/9/21,17.89
6/10/21,16.1
6/11/21,15.65
6/14/21,16.39
6/15/21,17.02
6/16/21,18.15
6/17/21,17.75
6/18/21,20.7
6/21/21,17.89
6/22/21,16.66
6/23/21,16.32
6/24/21,15.97
6/25/21,15.62
6/28/21,15.76
6/29/21,16.02
6/30/21,15.83
7/1/21,15.48
7/2/21,15.07
7/6/21,16.44
7/7/21,16.2
7/8/21,19
7/9/21,16.18
7/12/21,16.17
7/13/21,17.12
7/14/21,16.33
7/15/21,17.01
7/16/21,18.45
7/19/21,22.5
7/20/21,19.73
7/21/21,17.91
7/22/21,17.69
7/23/21,17.2
7/26/21,17.58
7/27/21,19.36
7/28/21,18.31
7/29/21,17.7
7/30/21,18.24
8/2/21,19.46
8/3/21,18.04
8/4/21,17.97
8/5/21,17.28
8/6/21,16.15
8/9/21,16.72
8/10/21,16.79
8/11/21,16.06
8/12/21,15.59
8/13/21,15.45
8/16/21,16.12
8/17/21,17.91
8/18/21,21.57
8/19/21,21.67
8/20/21,18.56
8/23/21,17.15
8/24/21,17.22
8/25/21,16.79
8/26/21,18.84
8/27/21,16.39
8/30/21,16.19
8/31/21,16.48
9/1/21,16.11
9/2/21,16.41
9/3/21,16.41
9/7/21,18.14
9/8/21,17.96
9/9/21,18.8
9/10/21,20.95
9/13/21,19.37
9/14/21,19.46
9/15/21,18.18
9/16/21,18.69
9/17/21,20.81
9/20/21,25.71
9/21/21,24.36
9/22/21,20.87
9/23/21,18.63
9/24/21,17.75
9/27/21,18.76
9/28/21,23.25
9/29/21,22.56
9/30/21,23.14
10/1/21,21.15
10/4/21,22.96
10/5/21,21.3
10/6/21,21
10/7/21,19.54
10/8/21,18.77
10/11/21,20
10/12/21,19.85
10/13/21,18.64
10/14/21,16.86
10/15/21,16.3
10/18/21,16.31
10/19/21,15.7
10/20/21,15.49
10/21/21,15.01
10/22/21,15.43
10/25/21,15.24
10/26/21,15.98
10/27/21,16.98
10/28/21,16.53
10/29/21,16.26
11/1/21,16.41
11/2/21,16.03
11/3/21,15.1
11/4/21,15.44
11/5/21,16.48
11/8/21,17.22
11/9/21,17.78
11/10/21,18.73
11/11/21,17.66
11/12/21,16.29
11/15/21,16.49
11/16/21,16.37
11/17/21,17.11
11/18/21,17.59
11/19/21,17.91
11/22/21,19.17
11/23/21,19.38
11/24/21,18.58
11/26/21,28.62
11/29/21,22.96
11/30/21,27.19
12/1/21,31.12
12/2/21,27.95
12/3/21,30.67
12/6/21,27.18
12/7/21,21.89
12/8/21,19.9
12/9/21,21.58
12/10/21,18.69
12/13/21,20.31
12/14/21,21.89
12/15/21,19.29
12/16/21,20.57
12/17/21,21.57
12/20/21,22.87
12/21/21,21.01
12/22/21,18.63
12/23/21,17.96
12/27/21,17.68
12/28/21,17.54
12/29/21,16.95
12/30/21,17.33
12/31/21,17.22
1/3/22,16.6
1/4/22,16.91
1/5/22,19.73
1/6/22,19.61
1/7/22,18.76
1/10/22,19.4
1/11/22,18.41
1/12/22,17.62
1/13/22,20.31
1/14/22,19.19
1/18/22,22.79
1/19/22,23.85
1/20/22,25.59
1/21/22,28.85
1/24/22,29.9
1/25/22,31.16
1/26/22,31.96
1/27/22,30.49
1/28/22,27.66
1/31/22,24.83
2/1/22,21.96
2/2/22,22.09
2/3/22,24.35
2/4/22,23.22
2/7/22,22.86
2/8/22,21.44
2/9/22,19.96
2/10/22,23.91
2/11/22,27.36
2/14/22,28.33
2/15/22,25.7
2/16/22,24.29
2/17/22,28.11
2/18/22,27.75
2/22/22,28.81
2/23/22,31.02
2/24/22,30.32
2/25/22,27.59
2/28/22,30.15
3/1/22,33.32
3/2/22,30.74
3/3/22,30.48
3/4/22,31.98
3/7/22,36.45
3/8/22,35.13
3/9/22,32.45
3/10/22,30.23
3/11/22,30.75
3/14/22,31.77
3/15/22,29.83
3/16/22,26.67
3/17/22,25.67
3/18/22,23.87
3/21/22,23.53
3/22/22,22.94
3/23/22,23.57
3/24/22,21.67
3/25/22,20.81
3/28/22,19.63
3/29/22,18.9
3/30/22,19.33
3/31/22,20.56
4/1/22,19.63
4/4/22,18.57
4/5/22,21.03
4/6/22,22.1
4/7/22,21.55
4/8/22,21.16
4/11/22,24.37
4/12/22,24.26
4/13/22,21.82
4/14/22,22.7
4/18/22,22.17
4/19/22,21.37
4/20/22,20.32
4/21/22,22.68
4/22/22,28.21
4/25/22,27.02
4/26/22,33.52
4/27/22,31.6
4/28/22,29.99
4/29/22,33.4
5/2/22,32.34
5/3/22,29.25
5/4/22,25.42
5/5/22,31.2
5/6/22,30.19
5/9/22,34.75
5/10/22,32.99
5/11/22,32.56
5/12/22,31.77
5/13/22,28.87
5/16/22,27.47
5/17/22,26.1
5/18/22,30.96
5/19/22,29.35
5/20/22,29.43
5/23/22,28.48
5/24/22,29.45
5/25/22,28.37
5/26/22,27.5
5/27/22,25.72
5/30/22,26.54
5/31/22,26.19
6/1/22,25.69
6/2/22,24.72
6/3/22,24.79
6/6/22,25.07
6/7/22,24.02
6/8/22,23.96
6/9/22,26.09
6/10/22,27.75
6/13/22,34.02
6/14/22,32.69
6/15/22,29.62
6/16/22,32.95
6/17/22,31.13
6/20/22,31.03
6/21/22,30.19
6/22/22,28.95
6/23/22,29.05
6/24/22,27.23
6/27/22,26.95
6/28/22,28.36
6/29/22,28.16
6/30/22,28.71
7/1/22,26.7
7/4/22,27.53
7/5/22,27.54
7/6/22,26.73
7/7/22,26.08
7/8/22,24.64
7/11/22,26.17
7/12/22,27.29
7/13/22,26.82
7/14/22,26.4
7/15/22,24.23
7/18/22,25.3
7/19/22,24.5
7/20/22,23.88
7/21/22,23.11
7/22/22,23.03
7/25/22,23.36
7/26/22,24.69
7/27/22,23.24
7/28/22,22.33
7/29/22,21.33
8/1/22,22.84
8/2/22,23.93
8/3/22,21.95
8/4/22,21.44
8/5/22,21.15
8/8/22,21.29
8/9/22,21.77
8/10/22,19.74
8/11/22,20.2
8/12/22,19.53
8/15/22,19.95
8/16/22,19.69
8/17/22,19.9
8/18/22,19.56
8/19/22,20.6
8/22/22,23.8
8/23/22,24.11
8/24/22,22.82
8/25/22,21.78
8/26/22,25.56
8/29/22,26.21
8/30/22,26.21
8/31/22,25.87
9/1/22,25.56
9/2/22,25.47
9/5/22,25.99
9/6/22,26.91
9/7/22,24.64
9/8/22,23.61
9/9/22,22.79
9/12/22,23.87
9/13/22,27.27
9/14/22,26.16
9/15/22,26.27
9/16/22,26.3
9/19/22,25.76
9/20/22,27.16
9/21/22,27.99
9/22/22,27.35
9/23/22,29.92
9/26/22,32.26
9/27/22,32.6
9/28/22,30.18
9/29/22,31.84
9/30/22,31.62
10/3/22,30.1
10/4/22,29.07
10/5/22,28.55
10/6/22,30.52
10/7/22,31.36
10/10/22,32.45
10/11/22,33.63
10/12/22,33.57
10/13/22,31.94
10/14/22,32.02
10/17/22,31.37
10/18/22,30.5
10/19/22,30.76
10/20/22,29.98
10/21/22,29.69
10/24/22,29.85
10/25/22,28.46
10/26/22,27.28
10/27/22,27.39
10/28/22,25.75
10/31/22,25.88
11/1/22,25.81
11/2/22,25.86
11/3/22,25.3
11/4/22,24.55
11/7/22,24.35
11/8/22,25.54
11/9/22,26.09
11/10/22,23.53
11/11/22,22.52
11/14/22,23.73
11/15/22,24.54
11/16/22,24.11
11/17/22,23.93
11/18/22,23.12
11/21/22,22.36
11/22/22,21.29
11/23/22,20.35
11/24/22,20.42
11/25/22,20.5
11/28/22,22.21
11/29/22,21.89
11/30/22,20.58
12/1/22,19.84
12/2/22,19.06
12/5/22,20.75
12/6/22,22.17
12/7/22,22.68
12/8/22,22.29
12/9/22,22.83
12/12/22,25
12/13/22,22.55
12/14/22,21.14
12/15/22,22.83
12/16/22,22.62
12/19/22,22.42
12/20/22,21.48
12/21/22,20.07
12/22/22,21.97
12/23/22,20.87
12/27/22,21.65
12/28/22,22.14
12/29/22,21.44
12/30/22,21.67
1/3/23,22.9
1/4/23,22.01
1/5/23,22.46
1/6/23,21.13
1/9/23,21.97
1/10/23,20.58
1/11/23,21.09
1/12/23,18.83
1/13/23,18.35
1/16/23,19.49
1/17/23,19.36
1/18/23,20.34
1/19/23,20.52
1/20/23,19.85
1/23/23,19.81
1/24/23,19.2
1/25/23,19.08
1/26/23,18.73
1/27/23,18.51
1/30/23,19.94
1/31/23,19.4
2/1/23,17.87
2/2/23,18.73
2/3/23,18.33
2/6/23,19.43
2/7/23,18.66
2/8/23,19.63
2/9/23,20.71
2/10/23,20.53
2/13/23,20.34
2/14/23,18.91
2/15/23,18.23
2/16/23,20.17
2/17/23,20.02
2/20/23,21.23
2/21/23,22.87
2/22/23,22.29
2/23/23,21.14
2/24/23,21.67
2/27/23,20.95
2/28/23,20.7
3/1/23,20.58
3/2/23,19.59
3/3/23,18.49
3/6/23,18.61
3/7/23,19.59
3/8/23,19.11
3/9/23,22.61
3/10/23,24.8
3/13/23,26.52
3/14/23,23.73
3/15/23,26.14
3/16/23,22.99
3/17/23,25.51
3/20/23,24.15
3/21/23,21.38
3/22/23,22.26
3/23/23,22.61
3/24/23,21.74
3/27/23,20.6
3/28/23,19.97
3/29/23,19.12
3/30/23,19.02
3/31/23,18.7
4/3/23,18.55
4/4/23,19
4/5/23,19.08
4/6/23,18.4
4/10/23,18.97
4/11/23,19.1
4/12/23,19.09
4/13/23,17.8
4/14/23,17.07
4/17/23,16.95
4/18/23,16.83
4/19/23,16.46
4/20/23,17.17
4/21/23,16.77
4/24/23,16.89
4/25/23,18.76
4/26/23,18.84
4/27/23,17.03
4/28/23,15.78
5/1/23,16.08
5/2/23,17.78
5/3/23,18.34
5/4/23,20.09
5/5/23,17.19
5/8/23,16.98
5/9/23,17.71
5/10/23,16.94
5/11/23,16.93
5/12/23,17.03
5/15/23,17.12
5/16/23,17.99
5/17/23,16.87
5/18/23,16.05
5/19/23,16.81
5/22/23,17.21
5/23/23,18.53
5/24/23,20.03
5/25/23,19.14
5/26/23,17.95
5/29/23,17.46
5/30/23,17.46
5/31/23,17.94
6/1/23,15.65
6/2/23,14.6
6/5/23,14.73
6/6/23,13.96
6/7/23,13.94
6/8/23,13.65
6/9/23,13.83
6/12/23,15.01
6/13/23,14.61
6/14/23,13.88
6/15/23,14.5
6/16/23,13.54
6/19/23,14.19
6/20/23,13.88
6/21/23,13.2
6/22/23,12.91
6/23/23,13.44
6/26/23,14.25
6/27/23,13.74
6/28/23,13.43
6/29/23,13.54
6/30/23,13.59
7/3/23,13.57
7/4/23,13.7
7/5/23,14.18
7/6/23,15.44
7/7/23,14.83
7/10/23,15.07
7/11/23,14.84
7/12/23,13.54
7/13/23,13.61
7/14/23,13.34
7/17/23,13.48
7/18/23,13.3
7/19/23,13.76
7/20/23,13.99
7/21/23,13.6
7/24/23,13.91
7/25/23,13.86
7/26/23,13.19
7/27/23,14.41
7/28/23,13.33
7/31/23,13.63
8/1/23,13.93
8/2/23,16.09
8/3/23,15.92
8/4/23,17.1
8/7/23,15.77
8/8/23,15.99
8/9/23,15.96
8/10/23,15.85
8/11/23,14.84
8/14/23,14.82
8/15/23,16.46
8/16/23,16.78
8/17/23,17.89
8/18/23,17.3
8/21/23,17.13
8/22/23,16.97
8/23/23,15.98
8/24/23,17.2
8/25/23,15.68
8/28/23,15.08
8/29/23,14.45
8/30/23,13.88
8/31/23,13.57
9/1/23,13.09
9/4/23,13.82
9/5/23,14.01
9/6/23,14.45
9/7/23,14.4
9/8/23,13.84
9/11/23,13.8
9/12/23,14.23
9/13/23,13.48
9/14/23,12.82
9/15/23,13.79
9/18/23,14
9/19/23,14.11
9/20/23,15.14
9/21/23,17.54
9/22/23,17.2
9/25/23,16.9
9/26/23,18.94
9/27/23,18.22
9/28/23,17.34
9/29/23,17.52
10/2/23,17.61
10/3/23,19.78
10/4/23,18.58
10/5/23,18.49
10/6/23,17.45
10/9/23,17.7
10/10/23,17.03
10/11/23,16.09
10/12/23,16.69
10/13/23,19.32
10/16/23,17.21
10/17/23,17.88
10/18/23,19.22
10/19/23,21.4
10/20/23,21.71
10/23/23,20.37
10/24/23,18.97
10/25/23,20.19
10/26/23,20.68
10/27/23,21.27
10/30/23,19.75
10/31/23,18.14
11/1/23,16.87
11/2/23,15.66
11/3/23,14.91
11/6/23,14.89
11/7/23,14.81
11/8/23,14.45
11/9/23,15.29
11/10/23,14.17
11/13/23,14.76
11/14/23,14.16
11/15/23,14.18
11/16/23,14.32
11/17/23,13.8
11/20/23,13.41
11/21/23,13.35
11/22/23,12.85
11/23/23,12.8
11/24/23,12.46
11/27/23,12.69
11/28/23,12.69
11/29/23,12.98
11/30/23,12.92
12/1/23,12.63
12/4/23,13.08
12/5/23,12.85
12/6/23,12.97
12/7/23,13.06
12/8/23,12.35
12/11/23,12.63
12/12/23,12.07
12/13/23,12.19
12/14/23,12.48
12/15/23,12.28
12/18/23,12.56
12/19/23,12.53
12/20/23,13.67
12/21/23,13.65
12/22/23,13.03
12/26/23,12.99
12/27/23,12.43
12/28/23,12.47
12/29/23,12.45
1/2/24,13.2
1/3/24,14.04
1/4/24,14.13
1/5/24,13.35
1/8/24,13.08
1/9/24,12.76
1/10/24,12.69
1/11/24,12.44
1/12/24,12.7
1/15/24,13.25
1/16/24,13.84
1/17/24,14.79
1/18/24,14.13
1/19/24,13.3
1/22/24,13.19
1/23/24,12.55
1/24/24,13.14
1/25/24,13.45
1/26/24,13.26
1/29/24,13.6
1/30/24,13.31
1/31/24,14.35
2/1/24,13.88
2/2/24,13.85
2/5/24,13.67
2/6/24,13.06
2/7/24,12.83
2/8/24,12.79
2/9/24,12.93
2/12/24,13.93
2/13/24,15.85
2/14/24,14.38
2/15/24,14.01
2/16/24,14.24
2/19/24,14.71
2/20/24,15.42
2/21/24,15.34
2/22/24,14.54
2/23/24,13.75
2/26/24,13.74
2/27/24,13.43
2/28/24,13.84
2/29/24,13.4
3/1/24,13.11
3/4/24,13.49
3/5/24,14.46
3/6/24,14.5
3/7/24,14.44
3/8/24,14.74
3/11/24,15.22
3/12/24,13.84
3/13/24,13.75
3/14/24,14.4
3/15/24,14.41
3/18/24,14.33
3/19/24,13.82
3/20/24,13.04
3/21/24,12.92
3/22/24,13.06
3/25/24,13.19
3/26/24,13.24
3/27/24,12.78
3/28/24,13.01
4/1/24,13.65
4/2/24,14.61
4/3/24,14.33
4/4/24,16.35
4/5/24,16.03
4/8/24,15.19
4/9/24,14.98
4/10/24,15.8
4/11/24,14.91
4/12/24,17.31
4/15/24,19.23
4/16/24,18.4
4/17/24,18.21
4/18/24,18
4/19/24,18.71
4/22/24,16.94
4/23/24,15.69
4/24/24,15.97
4/25/24,15.37
4/26/24,15.03
4/29/24,14.67